{
  "name": "Gopi",
  "emailId": "gopi@abc.com",
  "contactNumber": 8825516033,
  "githubLink": "http://www.google.co.in",
  "linkedInLink": "http://www.linkedin.com",
  "resumeS3Link": null,
  "primarySkills": [
    "Java",
    "Sql"
  ],
  "dateOfBlitz": "2020-05-05",
  "isCheckedIn": null,
  "checkInTime": "2020-05-30T18:01:46.485Z",
  "isLevelOneAllocated": true,
  "panelistLevelOne": null,
  "feedbackLevelOne": "He's fine",
  "isLevelOneCleared": true,
  "isLevelTwoAllocated": false,
  "panelistLevelTwo": null,
  "feedbackLevelTwo": null,
  "isLevelTwoCleared": false,
  "isSelected": null
}
